,,,,,,,,,,,,,,,,Bitcoin,,,,,,,,,
Trade Date,Week,BTC price,Change from First day of Entry,Investment Multiple Optimum scenario,Buy/Sell Multiplier,Investment Amount Optimum scenario,BTC unit Optimum scenario,Total Investment Optimum scenario,Capital Balance Optimum scenario,Rolling Weekly Profit/Loss,AVG buying price Optimum DCA,BTC unit Simple DCA,Investment Amount DCA scenario,AVG buying price Simple DCA,Capital and Risk Management,"$116,157.11",,,,,,,,,
1-10-2022,1,"$41,817.00",0.00%,239.56%,2,"$1,098.90",0.02627873,"$1,098.90","$50,901.10",0.00%,"$41,817.00",0.00597843,$250.00,"$41,817.00",Capital Reserve ,,,,,,,,,,
1-17-2022,2,"$42,211.27",0.94%,219.15%,2,"$1,047.88",0.02482456,"$2,146.77","$49,802.20",0.48%,"$42,008.53",0.00592259,$250.00,"$42,013.21","$10,928.00",,,,,,,,,,
1-24-2022,3,"$36,660.00",-12.33%,256.81%,3,"$1,392.02",0.03797114,"$3,538.80","$48,754.33",-7.72%,"$39,728.53",0.00681942,$250.00,"$40,063.16",Total Investment,,,,,,,,,,
1-31-2022,4,"$38,463.00",-8.02%,236.24%,3,"$1,340.60",0.03485436,"$4,879.40","$47,362.31",-2.31%,"$39,372.60",0.00649975,$250.00,"$39,650.77","$52,000.00",,,,,,,,,,
2-7-2022,5,"$43,869.04",4.91%,95.09%,,$487.73,0.01111791,"$5,367.13","$46,021.70",10.38%,"$39,742.78",0.00569878,$250.00,"$40,428.25",Investment Period (months),,,,,,,,,,
2-14-2022,6,"$42,540.30",1.73%,98.27%,,$495.68,0.01165191,"$5,862.81","$45,533.97",6.44%,"$39,964.98",0.00587678,$250.00,"$40,765.57",,,,,,,,,,,
2-21-2022,7,"$37,076.60",-11.34%,256.31%,2,"$1,140.77",0.03076791,"$7,003.58","$45,038.30",-6.05%,"$39,464.21",0.00674280,$250.00,"$40,194.26",48,,,,,,,,,,
2-28-2022,8,"$43,179.25",3.26%,96.74%,,$491.86,0.01139102,"$7,495.43","$43,897.53",8.80%,"$39,688.29",0.00578982,$250.00,"$40,544.62",Weekly Budget,,,,,,,,,,
3-7-2022,9,"$38,001.05",-9.13%,109.13%,,$522.81,0.01375787,"$8,018.25","$43,405.67",-3.97%,"$39,573.72",0.00657877,$250.00,"$40,245.31",$250.00,,,,,,,,,,
3-14-2022,10,"$39,649.05",-5.18%,105.18%,,$512.96,0.01293753,"$8,531.21","$42,882.86",0.18%,"$39,578.24",0.00630532,$250.00,"$40,184.88",Investment Period (weeks),,,,,,,,,,
3-21-2022,11,"$41,078.00",-1.77%,101.77%,,$504.42,0.01227952,"$9,035.62","$42,369.90",3.58%,"$39,659.07",0.00608598,$250.00,"$40,264.46",,,,,,,,,,,
3-28-2022,12,"$47,223.65",12.93%,87.07%,,$467.68,0.00990344,"$9,503.30","$41,865.48",18.14%,"$39,974.19",0.00529396,$250.00,"$40,765.08",208,,,,,,,,,,
4-4-2022,13,"$46,663.00",11.59%,88.41%,,$471.03,0.01009426,"$9,974.33","$41,397.80",15.94%,"$40,246.63",0.00535756,$250.00,"$41,165.32",Reserve cap,,,,,,,,,,
4-11-2022,14,"$39,544.03",-5.44%,105.44%,,$513.59,0.01298777,"$10,487.92","$40,926.77",-1.66%,"$40,211.65",0.00632207,$250.00,"$41,045.11",21.02%,,,0.982703207,,,,,,,
4-18-2022,15,"$40,818.88",-2.39%,102.39%,,$505.97,0.01239542,"$10,993.89","$40,413.18",1.44%,"$40,239.20",0.00612462,$250.00,"$41,029.95",,,,,,,,,,,
4-25-2022,16,"$40,473.75",-3.21%,103.21%,,$508.03,0.01255210,"$11,501.92","$39,907.22",0.56%,"$40,249.50",0.00617684,$250.00,"$40,994.74",,,,,,,,,,,
5-2-2022,17,"$38,566.06",-7.77%,107.77%,,$519.44,0.01346872,"$12,021.35","$39,399.19",-4.00%,"$40,173.73",0.00648238,$250.00,"$40,843.44",,,,,,,,,,,
5-9-2022,18,"$30,076.31",-28.08%,294.30%,2,"$1,235.76",0.04108752,"$13,257.11","$38,879.75",-22.79%,"$38,954.65",0.00831219,$250.00,"$40,046.97",,,,,,,,,,,
5-16-2022,19,"$29,889.61",-28.52%,251.13%,2,"$1,127.83",0.03773313,"$14,384.94","$37,643.99",-21.45%,"$38,049.88",0.00836411,$250.00,"$39,343.28",,,,,,,,,,,
5-23-2022,20,"$29,088.25",-30.44%,257.17%,2,"$1,142.92",0.03929134,"$15,527.86","$36,516.16",-21.82%,"$37,206.18",0.00859454,$250.00,"$38,661.77",,,,,,,,,,,
5-30-2022,21,"$31,735.95",-24.11%,124.11%,,$560.27,0.01765408,"$16,088.13","$35,373.25",-14.19%,"$36,984.18",0.00787750,$250.00,"$38,264.13",,,,,,,,,,,
6-6-2022,22,"$31,333.68",-25.07%,125.07%,,$562.67,0.01795748,"$16,650.80","$34,812.98",-14.76%,"$36,760.16",0.00797864,$250.00,"$37,883.26",,,,,,,,,,,
6-13-2022,23,"$22,316.26",-46.63%,373.10%,3,"$1,682.76",0.07540497,"$18,333.56","$34,250.30",-35.69%,"$34,698.81",0.01120259,$250.00,"$36,768.13",,,,,,,,,,,
6-20-2022,24,"$20,571.63",-50.81%,339.39%,3,"$1,598.47",0.07770276,"$19,932.03","$32,567.55",-37.45%,"$32,887.59",0.01215266,$250.00,"$35,600.26",,,,,,,,,,,
6-27-2022,25,"$20,751.05",-50.38%,324.53%,3,"$1,561.32",0.07524040,"$21,493.35","$30,969.07",-34.22%,"$31,547.28",0.01204758,$250.00,"$34,609.61",,,,,,,,,,,
7-4-2022,26,"$20,226.30",-51.63%,329.00%,3,"$1,572.49",0.07774481,"$23,065.84","$29,407.76",-33.44%,"$30,387.74",0.01236014,$250.00,"$33,688.21",,,,,,,,,,,
7-11-2022,27,"$19,971.33",-52.24%,327.68%,3,"$1,569.19",0.07857223,"$24,635.03","$27,835.27",-32.09%,"$29,410.64",0.01251794,$250.00,"$32,852.51",,,,,,,,,,,
7-18-2022,28,"$22,305.71",-46.66%,193.32%,,$733.29,0.03287471,"$25,368.32","$26,266.07",-23.46%,"$29,142.32",0.01120789,$250.00,"$32,306.95",,,,,,,,,,,
7-25-2022,29,"$21,510.13",-48.56%,197.12%,,$742.81,0.03453286,"$26,111.13","$25,532.78",-25.44%,"$28,851.10",0.01162243,$250.00,"$31,757.28",,,,,,,,,,,
8-1-2022,30,"$23,331.44",-44.21%,188.41%,,$721.03,0.03090376,"$26,832.16","$24,789.97",-18.62%,"$28,668.85",0.01071516,$250.00,"$31,379.54",,,,,,,,,,,
8-8-2022,31,"$23,803.65",-43.08%,186.15%,,$715.38,0.03005350,"$27,547.54","$24,068.94",-16.53%,"$28,517.49",0.01050259,$250.00,"$31,060.65",,,,,,,,,,,
8-15-2022,32,"$24,083.95",-42.41%,184.81%,,$712.03,0.02956457,"$28,259.57","$23,353.56",-15.16%,"$28,385.82",0.01038036,$250.00,"$30,781.99",,,,,,,,,,,
8-22-2022,33,"$21,301.08",-49.06%,198.12%,,$745.31,0.03498912,"$29,004.88","$22,641.53",-24.32%,"$28,145.28",0.01173649,$250.00,"$30,372.34",,,,,,,,,,,
8-29-2022,34,"$20,270.96",-51.52%,203.05%,,$757.62,0.03737480,"$29,762.50","$21,896.22",-27.27%,"$27,869.70",0.01233291,$250.00,"$29,933.62",,,,,,,,,,,
9-5-2022,35,"$19,797.80",-52.66%,205.31%,,$763.28,0.03855380,"$30,525.78","$21,138.60",-28.24%,"$27,588.44",0.01262767,$250.00,"$29,502.08",,,,,,,,,,,
9-12-2022,36,"$22,364.72",-46.52%,193.04%,,$732.59,0.03275642,"$31,258.37","$20,375.32",-18.49%,"$27,438.24",0.01117832,$250.00,"$29,242.85",,,,,,,,,,,
9-19-2022,37,"$19,557.98",-53.23%,206.46%,,$766.15,0.03917317,"$32,024.52","$19,642.73",-28.03%,"$27,176.28",0.01278251,$250.00,"$28,856.64",,,,,,,,,,,
9-26-2022,38,"$19,201.13",-54.08%,208.17%,,$770.41,0.04012341,"$32,794.93","$18,876.58",-28.66%,"$26,913.68",0.01302007,$250.00,"$28,479.77",,,,,,,,,,,
10-3-2022,39,"$19,633.43",-53.05%,206.10%,,$765.25,0.03897668,"$33,560.18","$18,106.17",-26.43%,"$26,688.02",0.01273338,$250.00,"$28,154.49",,,,,,,,,,,
10-10-2022,40,"$19,154.40",-54.19%,208.39%,,$770.97,0.04025047,"$34,331.15","$17,340.92",-27.59%,"$26,454.36",0.01305183,$250.00,"$27,827.61",,,,,,,,,,,
10-17-2022,41,"$19,557.02",-53.23%,206.46%,,$766.16,0.03917567,"$35,097.31","$16,569.95",-25.50%,"$26,252.25",0.01278313,$250.00,"$27,543.51",,,,,,,,,,,
10-24-2022,42,"$19,341.46",-53.75%,207.49%,,$768.74,0.03974555,"$35,866.05","$15,803.79",-25.76%,"$26,052.73",0.01292560,$250.00,"$27,268.19",,,,,,,,,,,
10-31-2022,43,"$20,490.86",-51.00%,202.00%,,$754.99,0.03684539,"$36,621.04","$15,035.05",-20.91%,"$25,907.75",0.01220056,$250.00,"$27,060.05",,,,,,,,,,,
11-7-2022,44,"$20,568.57",-50.81%,201.63%,,$754.06,0.03666101,"$37,375.11","$14,280.06",-20.19%,"$25,772.78",0.01215447,$250.00,"$26,867.33",,,,,,,,,,,
11-14-2022,45,"$16,629.48",-60.23%,377.33%,2,"$1,443.32",0.08679285,"$38,818.43","$13,526.00",-34.16%,"$25,256.45",0.01503354,$250.00,"$26,504.72",,,,,,,,,,,
11-21-2022,46,"$15,778.02",-62.27%,353.31%,2,"$1,383.28",0.08767110,"$40,201.70","$12,082.68",-36.24%,"$24,744.97",0.01584483,$250.00,"$26,118.70",,,,,,,,,,,
11-28-2022,47,"$16,212.58",-61.23%,222.46%,,$806.15,0.04972364,"$41,007.85","$10,699.40",-33.80%,"$24,491.58",0.01542012,$250.00,"$25,783.51",,,,,,,,,,,
12-5-2022,48,"$16,961.35",-59.44%,218.88%,,$797.20,0.04700071,"$41,805.05","$9,893.25",-30.16%,"$24,285.97",0.01473939,$250.00,"$25,507.11",,,,,,,,,,,
12-12-2022,49,"$17,195.53",-58.88%,217.76%,,$794.40,0.04619779,"$42,599.44","$9,096.06",-28.65%,"$24,100.65",0.01453866,$250.00,"$25,257.96",,,,,,,,,,,
12-19-2022,50,"$16,424.13",-60.72%,221.45%,,$803.62,0.04892917,"$43,403.06","$8,301.66",-31.26%,"$23,893.88",0.01522151,$250.00,"$24,989.14",,,,,,,,,,,
12-26-2022,51,"$16,879.94",-59.63%,219.27%,,$798.17,0.04728506,"$44,201.23","$7,498.04",-28.82%,"$23,715.93",0.01481048,$250.00,"$24,755.95",,,,,,,,,,,
1-2-2023,52,"$16,688.72",-60.09%,220.18%,,$800.46,0.04796385,"$45,001.69","$6,699.87",-29.10%,"$23,539.62",0.01498018,$250.00,"$24,527.94",,,,,,,,,,,
1-9-2023,53,"$17,182.32",-58.91%,217.82%,,$794.55,0.04624250,"$45,796.24","$5,899.42",-26.54%,"$23,389.48",0.01454984,$250.00,"$24,331.67",,,,,,,,,,,
1-16-2023,54,"$21,180.41",-49.35%,198.70%,,$746.75,0.03525658,"$46,542.99","$5,104.86",-9.29%,"$23,350.41",0.01180336,$250.00,"$24,264.82",,,,,,,,,,,
1-23-2023,55,"$22,929.02",-45.17%,54.22%,-2,-$364.45,-0.01589450,"$46,178.54","$4,358.11",-1.82%,"$23,353.79",0.01090321,$250.00,"$24,239.14",,,,,,,,,,,
1-30-2023,56,"$22,799.43",-45.48%,70.23%,-2,-$324.42,-0.01422911,"$45,854.13","$4,722.56",-2.39%,"$23,357.81",0.01096519,$250.00,"$24,211.84",,,,,,,,,,,
2-6-2023,57,"$22,745.17",-45.61%,71.23%,-2,-$321.93,-0.01415388,"$45,532.19","$5,046.98",-2.64%,"$23,362.26",0.01099134,$250.00,"$24,184.48",,,,,,,,,,,
2-13-2023,58,"$21,798.72",-47.87%,195.74%,,$739.36,0.03391739,"$46,271.55","$5,368.91",-6.59%,"$23,335.52",0.01146856,$250.00,"$24,138.93",,,,,,,,,,,
2-20-2023,59,"$24,797.84",-40.70%,21.91%,-3,-$695.24,-0.02803612,"$45,576.32","$4,629.55",6.36%,"$23,314.54",0.01008152,$250.00,"$24,149.81",,,,,,,,,,,
2-27-2023,60,"$23,504.19",-43.79%,58.93%,-2,-$352.68,-0.01500517,"$45,223.63","$5,324.79",0.82%,"$23,313.08",0.01063640,$250.00,"$24,138.76",,,,,,,,,,,
3-6-2023,61,"$22,414.70",-46.40%,192.80%,,$731.99,0.03265672,"$45,955.62","$5,677.47",-3.79%,"$23,298.20",0.01115339,$250.00,"$24,108.36",,,,,,,,,,,
3-13-2023,62,"$24,154.43",-42.24%,184.48%,,$711.19,0.02944341,"$46,666.81","$4,945.48",3.62%,"$23,310.80",0.01035007,$250.00,"$24,109.10",,,,,,,,,,,
3-20-2023,63,"$27,834.34",-33.44%,-16.27%,-2,-$540.67,-0.01942460,"$46,126.14","$4,234.29",19.63%,"$23,266.48",0.00898171,$250.00,"$24,160.43",,,,,,,,,,,
3-27-2023,64,"$27,155.00",-35.06%,135.06%,,$587.66,0.02164079,"$46,713.80","$4,774.96",16.50%,"$23,308.46",0.00920641,$250.00,"$24,202.13",,,,,,,,,,,
4-3-2023,65,"$27,850.98",-33.40%,9.17%,-2,-$477.08,-0.01712983,"$46,236.71","$4,187.31",19.69%,"$23,269.30",0.00897634,$250.00,"$24,251.01",,,,,,,,,,,
4-10-2023,66,"$29,687.57",-29.01%,-3.18%,-2,-$507.96,-0.01711012,"$45,728.75","$4,664.39",27.89%,"$23,213.56",0.00842103,$250.00,"$24,318.48",,,,,,,,,,,
4-17-2023,67,"$29,469.51",-29.53%,8.95%,-2,-$477.63,-0.01620747,"$45,251.13","$5,172.35",27.23%,"$23,161.66",0.00848334,$250.00,"$24,382.09",,,,,,,,,,,
4-24-2023,68,"$27,520.20",-34.19%,134.19%,,$585.47,0.02127428,"$45,836.60","$5,649.97",18.58%,"$23,208.61",0.00908424,$250.00,"$24,423.05",,,,,,,,,,,
5-1-2023,69,"$28,114.95",-32.77%,132.77%,,$581.92,0.02069777,"$46,418.52","$5,064.50",20.88%,"$23,259.49",0.00889207,$250.00,"$24,469.62",,,,,,,,,,,
5-8-2023,70,"$27,727.29",-33.69%,133.69%,,$584.23,0.02107073,"$47,002.75","$4,482.58",18.97%,"$23,306.17",0.00901639,$250.00,"$24,510.76",,,,,,,,,,,
5-15-2023,71,"$27,231.62",-34.88%,134.88%,,$587.20,0.02156308,"$47,589.95","$3,898.35",16.64%,"$23,347.70",0.00918050,$250.00,"$24,545.30",,,,,,,,,,,
5-22-2023,72,"$26,858.74",-35.77%,135.77%,,$589.43,0.02194544,"$48,179.38","$3,311.15",14.85%,"$23,385.10",0.00930796,$250.00,"$24,574.70",,,,,,,,,,,
5-29-2023,73,"$27,765.07",-33.60%,133.60%,,$584.01,0.02103393,"$48,763.39","$2,721.73",18.51%,"$23,429.36",0.00900412,$250.00,"$24,613.44",,,,,,,,,,,
6-5-2023,74,"$25,785.85",-38.34%,138.34%,,$595.84,0.02310729,"$49,359.23","$2,137.72",9.94%,"$23,455.24",0.00969524,$250.00,"$24,628.57",,,,,,,,,,,
6-12-2023,75,"$25,906.75",-38.05%,138.05%,,$595.12,0.02297155,"$49,954.34","$1,541.88",10.33%,"$23,481.71",0.00964999,$250.00,"$24,644.78",,,,,,,,,,,
6-19-2023,76,"$26,778.06",-35.96%,135.96%,,$589.91,0.02202957,"$50,544.25",$946.76,13.87%,"$23,515.49",0.00933600,$250.00,"$24,670.64",,,,,,,,,,,
6-26-2023,77,"$30,255.89",-27.65%,127.65%,,$569.12,0.01881013,"$51,113.37",$356.85,28.34%,"$23,573.97",0.00826285,$250.00,"$24,729.93",,,,,,,,,,,
7-3-2023,78,"$31,135.36",-25.54%,4.11%,-2,-$489.73,-0.01572896,"$50,623.64",-$212.27,32.39%,"$23,518.72",0.00802946,$250.00,"$24,795.33",,,,,,,,,,,
7-10-2023,79,"$30,394.66",-27.32%,127.32%,,$568.29,0.01869696,"$51,191.93",$277.46,28.91%,"$23,577.93",0.00822513,$250.00,"$24,853.29",,,,,,,,,,,
7-17-2023,80,"$30,143.75",-27.92%,127.92%,,$569.79,0.01890235,"$51,761.72",-$290.83,27.54%,"$23,634.60",0.00829359,$250.00,"$24,907.93",,,,,,,,,,,
7-24-2023,81,"$29,178.36",-30.22%,130.22%,,$575.56,0.01972555,"$52,337.28",-$860.62,23.20%,"$23,684.08",0.00856799,$250.00,"$24,953.02",,,,,,,,,,,
7-31-2023,82,"$29,219.82",-30.12%,130.12%,,$575.31,0.01968908,"$52,912.59","-$1,436.18",23.12%,"$23,732.97",0.00855584,$250.00,"$24,997.53",,,,,,,,,,,
8-7-2023,83,"$29,164.36",-30.26%,130.26%,,$575.64,0.01973789,"$53,488.23","-$2,011.49",22.64%,"$23,780.63",0.00857211,$250.00,"$25,040.64",,,,,,,,,,,
8-14-2023,84,"$29,408.97",-29.67%,129.67%,,$574.18,0.01952399,"$54,062.41","-$2,587.13",23.42%,"$23,829.07",0.00850081,$250.00,"$25,084.99",,,,,,,,,,,
8-21-2023,85,"$26,128.91",-37.52%,137.52%,,$593.79,0.02272541,"$54,656.20","-$3,161.31",9.55%,"$23,851.88",0.00956795,$250.00,"$25,096.79",,,,,,,,,,,
8-28-2023,86,"$26,103.28",-37.58%,137.58%,,$593.94,0.02275359,"$55,250.15","-$3,755.10",9.34%,"$23,874.01",0.00957734,$250.00,"$25,108.05",,,,,,,,,,,
9-4-2023,87,"$25,799.53",-38.30%,138.30%,,$595.76,0.02309187,"$55,845.91","-$4,349.04",7.98%,"$23,893.03",0.00969010,$250.00,"$25,115.78",,,,,,,,,,,
9-11-2023,88,"$25,135.04",-39.89%,260.65%,2,"$1,151.63",0.04581784,"$56,997.54","-$4,944.80",5.09%,"$23,916.91",0.00994627,$250.00,"$25,116.00",,,,,,,,,,,
9-18-2023,89,"$26,764.63",-36.00%,136.00%,,$589.99,0.02204363,"$57,587.53","-$6,096.44",11.78%,"$23,943.01",0.00934069,$250.00,"$25,133.40",,,,,,,,,,,
9-25-2023,90,"$26,288.81",-37.13%,137.13%,,$592.83,0.02255082,"$58,180.36","-$6,686.43",9.70%,"$23,964.80",0.00950975,$250.00,"$25,145.68",,,,,,,,,,,
10-2-2023,91,"$27,565.89",-34.08%,134.08%,,$585.20,0.02122911,"$58,765.56","-$7,279.26",14.88%,"$23,996.02",0.00906918,$250.00,"$25,169.96",,,,,,,,,,,
10-9-2023,92,"$27,591.35",-34.02%,134.02%,,$585.05,0.02120400,"$59,350.61","-$7,864.46",14.84%,"$24,026.88",0.00906081,$250.00,"$25,193.99",,,,,,,,,,,
10-16-2023,93,"$28,506.79",-31.83%,131.83%,,$579.57,0.02033109,"$59,930.18","-$8,449.51",18.47%,"$24,063.45",0.00876984,$250.00,"$25,225.52",,,,,,,,,,,
10-23-2023,94,"$32,954.17",-21.19%,-42.05%,-3,-$855.13,-0.02594894,"$59,075.06","-$9,029.08",37.48%,"$23,969.84",0.00758629,$250.00,"$25,288.61",,,,,,,,,,,
10-30-2023,95,"$34,495.11",-17.51%,-12.92%,-3,-$782.31,-0.02267893,"$58,292.75","-$8,173.96",44.50%,"$23,872.09",0.00724740,$250.00,"$25,359.86",,,,,,,,,,,
11-6-2023,96,"$35,017.72",-16.26%,-4.68%,-3,-$761.70,-0.02175193,"$57,531.04","-$7,391.64",47.31%,"$23,771.91",0.00713924,$250.00,"$25,432.92",,,,,,,,,,,
11-13-2023,97,"$36,543.27",-12.61%,-16.88%,-3,-$792.20,-0.02167849,"$56,738.84","-$6,629.94",54.47%,"$23,656.48",0.00684120,$250.00,"$25,512.89",,,,,,,,,,,
11-20-2023,98,"$37,516.05",-10.29%,-14.12%,-3,-$785.30,-0.02093248,"$55,953.54","-$5,837.74",59.41%,"$23,534.45",0.00666381,$250.00,"$25,596.46",,,,,,,,,,,
11-27-2023,99,"$37,229.25",-10.97%,-6.50%,-3,-$766.24,-0.02058180,"$55,187.29","-$5,052.43",59.00%,"$23,414.87",0.00671515,$250.00,"$25,677.50",,,,,,,,,,,
12-4-2023,100,"$41,910.30",0.22%,-53.73%,-4,"-$1,134.33",-0.02706570,"$54,052.96","-$4,286.19",80.65%,"$23,200.01",0.00596512,$250.00,"$25,777.34",,,,,,,,,,,
12-11-2023,101,"$41,209.89",-1.45%,-19.39%,-3,-$798.47,-0.01937564,"$53,254.49","-$3,151.86",78.79%,"$23,048.98",0.00606650,$250.00,"$25,873.27",,,,,,,,,,,
12-18-2023,102,"$42,635.73",1.96%,-27.87%,-3,-$819.67,-0.01922489,"$52,434.82","-$2,353.39",86.31%,"$22,884.63",0.00586363,$250.00,"$25,973.39",,,,,,,,,,,
12-25-2023,103,"$43,623.75",4.32%,-26.76%,-3,-$816.91,-0.01872625,"$51,617.91","-$1,533.72",92.06%,"$22,713.74",0.00573082,$250.00,"$26,075.82",,,,,,,,,,,
1-1-2024,104,"$44,049.47",5.34%,-23.58%,-3,-$808.94,-0.01836444,"$50,808.97",-$716.81,95.43%,"$22,539.92",0.00567544,$250.00,"$26,178.53",,,,,,,,,,,
1-8-2024,105,"$46,981.32",12.35%,-47.68%,-4,"-$1,119.20",-0.02382229,"$49,689.77",$92.13,110.88%,"$22,278.86",0.00532126,$250.00,"$26,289.39",,,,,,,,,,,
1-15-2024,106,"$42,528.92",1.70%,98.30%,,$495.74,0.01165663,"$50,185.51","$1,211.33",90.00%,"$22,384.15",0.00587835,$250.00,"$26,384.44",,,,,,,,,,,
1-22-2024,107,"$39,577.10",-5.36%,105.36%,,$513.39,0.01297192,"$50,698.90",$715.59,76.03%,"$22,483.05",0.00631678,$250.00,"$26,466.89",,,,,,,,,,,
1-29-2024,108,"$43,218.35",3.35%,96.65%,,$491.62,0.01137531,"$51,190.53",$202.20,91.34%,"$22,587.13",0.00578458,$250.00,"$26,562.22",,,,,,,,,,,
2-5-2024,109,"$42,619.27",1.92%,98.08%,,$495.20,0.01161924,"$51,685.73",-$289.42,87.84%,"$22,689.30",0.00586589,$250.00,"$26,654.35",,,,,,,,,,,
2-12-2024,110,"$49,989.80",19.54%,-71.78%,-2,-$679.46,-0.01359201,"$51,006.27",-$784.63,121.93%,"$22,525.43",0.00500102,$250.00,"$26,767.94",,,,,,,,,,,
2-19-2024,111,"$51,804.81",23.88%,-48.79%,-2,-$621.97,-0.01200610,"$50,384.29",-$105.16,131.59%,"$22,369.36",0.00482581,$250.00,"$26,885.00",,,,,,,,,,,
2-26-2024,112,"$54,551.83",30.45%,-64.04%,-3,-$910.09,-0.01668309,"$49,474.20",$516.81,146.52%,"$22,129.21",0.00458280,$250.00,"$27,007.30",,,,,,,,,,,
3-4-2024,113,"$68,091.84",62.83%,-156.94%,-4,"-$1,392.36",-0.02044821,"$48,081.84","$1,426.90",213.72%,"$21,704.94",0.00367151,$250.00,"$27,152.28",,,,,,,,,,,
3-11-2024,114,"$72,198.09",72.65%,-110.13%,-4,"-$1,275.31",-0.01766410,"$46,806.53","$2,819.26",238.97%,"$21,299.08",0.00346270,$250.00,"$27,301.70",,,,,,,,,,,
3-18-2024,115,"$67,770.89",62.07%,-94.02%,-2,-$735.04,-0.01084600,"$46,071.49","$4,094.57",221.67%,"$21,068.59",0.00368890,$250.00,"$27,444.20",,,,,,,,,,,
3-25-2024,116,"$70,042.02",67.50%,-93.89%,-2,-$734.72,-0.01048967,"$45,336.77","$4,829.62",236.21%,"$20,832.53",0.00356929,$250.00,"$27,588.85",,,,,,,,,,,
4-1-2024,117,"$69,791.63",66.90%,-87.37%,-2,-$718.41,-0.01029370,"$44,618.36","$5,564.33",238.80%,"$20,599.85",0.00358209,$250.00,"$27,732.18",,,,,,,,,,,
4-8-2024,118,"$71,712.80",71.49%,-96.72%,-2,-$741.80,-0.01034407,"$43,876.55","$6,282.75",252.32%,"$20,354.58",0.00348613,$250.00,"$27,877.07",,,,,,,,,,,
4-15-2024,119,"$63,393.33",51.60%,48.40%,,$371.01,0.00585247,"$44,247.56","$7,024.55",209.67%,"$20,471.11",0.00394363,$250.00,"$28,008.93",,,,,,,,,,,
4-22-2024,120,"$66,944.60",60.09%,39.91%,,$349.78,0.00522486,"$44,597.34","$6,653.54",225.24%,"$20,583.18",0.00373443,$250.00,"$28,145.35",,,,,,,,,,,
4-29-2024,121,"$63,908.39",52.83%,47.17%,,$367.93,0.00575712,"$44,965.26","$6,303.77",208.77%,"$20,698.00",0.00391185,$250.00,"$28,276.12",,,,,,,,,,,
5-6-2024,122,"$63,228.10",51.20%,48.80%,,$372.00,0.00588338,"$45,337.26","$5,935.84",203.79%,"$20,812.86",0.00395394,$250.00,"$28,404.82",,,,,,,,,,,
5-13-2024,123,"$62,886.94",50.39%,49.61%,,$374.03,0.00594773,"$45,711.29","$5,563.84",200.50%,"$20,927.43",0.00397539,$250.00,"$28,532.01",,,,,,,,,,,
5-20-2024,124,"$71,202.20",70.27%,29.73%,,$324.32,0.00455495,"$46,035.62","$5,189.81",238.54%,"$21,032.05",0.00351113,$250.00,"$28,670.58",,,,,,,,,,,
5-27-2024,125,"$69,347.82",65.84%,34.16%,,$335.41,0.00483662,"$46,371.03","$4,865.48",228.06%,"$21,138.58",0.00360502,$250.00,"$28,805.75",,,,,,,,,,,
6-3-2024,126,"$68,833.30",64.61%,35.39%,,$338.48,0.00491746,"$46,709.51","$4,530.08",223.99%,"$21,245.26",0.00363196,$250.00,"$28,939.31",,,,,,,,,,,
6-10-2024,127,"$69,465.94",66.12%,33.88%,,$334.70,0.00481823,"$47,044.21","$4,191.59",225.36%,"$21,350.70",0.00359889,$250.00,"$29,072.86",,,,,,,,,,,
6-17-2024,128,"$66,483.88",58.99%,41.01%,,$352.53,0.00530250,"$47,396.74","$3,856.89",209.82%,"$21,459.05",0.00376031,$250.00,"$29,201.23",,,,,,,,,,,
6-24-2024,129,"$60,258.96",44.10%,55.90%,,$389.75,0.00646785,"$47,786.49","$3,504.36",179.33%,"$21,572.34",0.00414876,$250.00,"$29,318.37",,,,,,,,,,,
7-1-2024,130,"$62,835.40",50.26%,49.74%,,$374.34,0.00595752,"$48,160.83","$3,114.61",189.79%,"$21,683.02",0.00397865,$250.00,"$29,439.17",,,,,,,,,,,
7-8-2024,131,"$56,691.91",35.57%,201.15%,2,"$1,002.87",0.01768978,"$49,163.70","$2,740.27",158.16%,"$21,959.64",0.00440980,$250.00,"$29,547.59",,,,,,,,,,,
7-15-2024,132,"$64,734.76",54.80%,45.20%,,$362.99,0.00560731,"$49,526.69","$1,737.40",193.36%,"$22,066.50",0.00386191,$250.00,"$29,669.77",,,,,,,,,,,
7-22-2024,133,"$67,535.20",61.50%,38.50%,,$346.25,0.00512689,"$49,872.93","$1,374.41",204.62%,"$22,170.13",0.00370177,$250.00,"$29,795.38",,,,,,,,,,,
7-29-2024,134,"$66,867.17",59.90%,40.10%,,$350.24,0.00523784,"$50,223.17","$1,028.17",200.20%,"$22,273.96",0.00373876,$250.00,"$29,919.16",,,,,,,,,,,
8-5-2024,135,"$54,343.63",29.96%,70.04%,,$425.11,0.00782264,"$50,648.28",$677.93,142.77%,"$22,384.83",0.00460036,$250.00,"$30,019.10",,,,,,,,,,,
8-12-2024,136,"$59,394.16",42.03%,57.97%,,$394.92,0.00664907,"$51,043.20",$252.82,164.05%,"$22,493.27",0.00420917,$250.00,"$30,128.67",,,,,,,,,,,
8-19-2024,137,"$59,411.52",42.08%,57.92%,,$394.81,0.00664538,"$51,438.01",-$142.10,162.87%,"$22,601.07",0.00420794,$250.00,"$30,237.45",,,,,,,,,,,
8-26-2024,138,"$62,983.44",50.62%,49.38%,,$373.46,0.00592946,"$51,811.47",-$536.91,177.39%,"$22,706.01",0.00396930,$250.00,"$30,351.80",,,,,,,,,,,
9-2-2024,139,"$59,159.02",41.47%,58.53%,,$396.32,0.00669926,"$52,207.79",-$910.37,159.32%,"$22,812.71",0.00422590,$250.00,"$30,458.51",,,,,,,,,,,
9-9-2024,140,"$57,135.78",36.63%,63.37%,,$408.42,0.00714820,"$52,616.21","-$1,306.69",149.29%,"$22,919.59",0.00437554,$250.00,"$30,560.43",,,,,,,,,,,
9-16-2024,141,"$58,227.46",39.24%,60.76%,,$401.89,0.00690209,"$53,018.10","-$1,715.11",152.88%,"$23,025.42",0.00429351,$250.00,"$30,663.76",,,,,,,,,,,
9-23-2024,142,"$63,336.01",51.46%,48.54%,,$371.35,0.00586317,"$53,389.45","-$2,117.00",173.85%,"$23,127.81",0.00394720,$250.00,"$30,775.56",,,,,,,,,,,
9-30-2024,143,"$63,260.04",51.28%,48.72%,,$371.80,0.00587740,"$53,761.26","-$2,488.35",172.32%,"$23,229.73",0.00395194,$250.00,"$30,886.47",,,,,,,,,,,
10-7-2024,144,"$62,416.51",49.26%,50.74%,,$376.85,0.00603762,"$54,138.10","-$2,860.15",167.52%,"$23,331.69",0.00400535,$250.00,"$30,995.21",,,,,,,,,,,
10-14-2024,145,"$66,089.76",58.05%,41.95%,,$354.89,0.00536977,"$54,492.99","-$3,237.00",182.07%,"$23,430.41",0.00378273,$250.00,"$31,109.13",,,,,,,,,,,
10-21-2024,146,"$67,440.46",61.28%,38.72%,,$346.81,0.00514249,"$54,839.80","-$3,591.89",186.65%,"$23,527.51",0.00370697,$250.00,"$31,224.35",,,,,,,,,,,
10-28-2024,147,"$69,862.52",67.07%,32.93%,,$332.33,0.00475694,"$55,172.13","-$3,938.70",195.75%,"$23,621.88",0.00357846,$250.00,"$31,342.27",,,,,,,,,,,
11-4-2024,148,"$67,779.10",62.09%,37.91%,,$344.79,0.00508693,"$55,516.92","-$4,271.03",185.77%,"$23,717.84",0.00368845,$250.00,"$31,456.53",,,,,,,,,,,
11-11-2024,149,"$88,860.00",112.50%,-225.37%,-3,"-$1,313.44",-0.01478096,"$54,203.49","-$4,615.82",281.31%,"$23,303.88",0.00281341,$250.00,"$31,593.50",,,,,,,,,,,
11-18-2024,150,"$90,587.70",116.63%,-141.91%,-3,"-$1,104.77",-0.01219558,"$53,098.72","-$3,302.38",294.73%,"$22,949.23",0.00275976,$250.00,"$31,731.27",,,,,,,,,,,
11-25-2024,151,"$93,343.03",123.22%,-148.70%,-2,-$871.74,-0.00933911,"$52,226.98","-$2,197.61",311.86%,"$22,663.94",0.00267829,$250.00,"$31,870.58",,,,,,,,,,,
12-2-2024,152,"$95,726.44",128.92%,-153.40%,-2,-$883.49,-0.00922930,"$51,343.49","-$1,325.87",327.92%,"$22,370.15",0.00261161,$250.00,"$32,011.06",,,,,,,,,,,
12-9-2024,153,"$97,390.20",132.90%,-155.34%,-2,-$888.35,-0.00912158,"$50,455.13",-$442.38,341.26%,"$22,070.81",0.00256699,$250.00,"$32,152.14",,,,,,,,,,,
12-16-2024,154,"$105,855.67",153.14%,-198.00%,-3,"-$1,244.99",-0.01176121,"$49,210.14",$445.97,389.22%,"$21,637.53",0.00236171,$250.00,"$32,298.16",,,,,,,,,,,
12-23-2024,155,"$94,800.76",126.70%,-26.70%,,$183.24,0.00193290,"$49,393.38","$1,690.96",336.88%,"$21,699.66",0.00263711,$250.00,"$32,436.13",,,,,,,,,,,
12-30-2024,156,"$92,523.16",121.26%,-21.26%,,$196.86,0.00212765,"$49,590.24","$1,507.72",325.09%,"$21,765.79",0.00270203,$250.00,"$32,571.73",,,,,,,,,,,
1-6-2025,157,"$102,179.56",144.35%,-44.35%,,$139.13,0.00136159,"$49,729.37","$1,310.86",368.42%,"$21,813.82",0.00244667,$250.00,"$32,713.67",,,,,,,,,,,
1-13-2025,158,"$94,375.73",125.69%,-25.69%,,$185.78,0.00196853,"$49,915.15","$1,171.74",331.40%,"$21,876.42",0.00264899,$250.00,"$32,849.51",,,,,,,,,,,
1-20-2025,159,"$102,589.00",145.33%,-45.33%,,$136.68,0.00133230,"$50,051.83",$985.95,367.94%,"$21,923.53",0.00243691,$250.00,"$32,990.56",,,,,,,,,,,
1-27-2025,160,"$101,907.45",143.70%,-43.70%,,$140.75,0.00138119,"$50,192.58",$849.27,363.81%,"$21,971.89",0.00245321,$250.00,"$33,130.60",,,,,,,,,,,
2-3-2025,161,"$101,582.41",142.92%,-42.92%,,$142.70,0.00140474,"$50,335.28",$708.52,361.30%,"$22,020.81",0.00246106,$250.00,"$33,269.84",,,,,,,,,,,
2-10-2025,162,"$97,375.23",132.86%,-32.86%,,$167.85,0.00172373,"$50,503.13",$565.82,341.06%,"$22,077.59",0.00256739,$250.00,"$33,405.60",,,,,,,,,,,
2-17-2025,163,"$95,790.51",129.07%,-29.07%,,$177.32,0.00185116,"$50,680.45",$397.98,332.71%,"$22,137.20",0.00260986,$250.00,"$33,539.60",,,,,,,,,,,
2-24-2025,164,"$91,869.65",119.69%,-19.69%,,$200.76,0.00218531,"$50,881.21",$220.65,313.76%,"$22,203.69",0.00272125,$250.00,"$33,669.96",,,,,,,,,,,
3-3-2025,165,"$86,315.93",106.41%,-6.41%,,$233.97,0.00271058,"$51,115.18",$19.89,287.42%,"$22,279.44",0.00289634,$250.00,"$33,794.88",,,,,,,,,,,
3-10-2025,166,"$79,005.96",88.93%,145.09%,2,$862.73,0.01091983,"$51,977.91",-$214.08,250.39%,"$22,548.16",0.00316432,$250.00,"$33,911.78",,,,,,,,,,,
3-17-2025,167,"$84,013.95",100.91%,-0.91%,,$247.73,0.00294866,"$52,225.64","-$1,076.81",271.30%,"$22,626.68",0.00297570,$250.00,"$34,033.32",,,,,,,,,,,
3-24-2025,168,"$87,322.57",108.82%,-8.82%,,$227.95,0.00261041,"$52,453.59","-$1,324.54",284.68%,"$22,699.77",0.00286295,$250.00,"$34,157.39",,,,,,,,,,,
3-31-2025,169,"$82,461.45",97.20%,2.80%,,$257.01,0.00311673,"$52,710.60","-$1,552.49",261.99%,"$22,780.26",0.00303172,$250.00,"$34,276.20",,,,,,,,,,,
4-7-2025,170,"$79,421.80",89.93%,134.01%,2,$835.02,0.01051378,"$53,545.62","-$1,809.50",244.77%,"$23,036.47",0.00314775,$250.00,"$34,391.19",,,,,,,,,,,
4-14-2025,171,"$84,589.03",102.28%,-2.28%,,$244.29,0.00288797,"$53,789.91","-$2,644.52",265.98%,"$23,112.85",0.00295547,$250.00,"$34,510.96",,,,,,,,,,,
4-21-2025,172,"$87,360.72",108.91%,-8.91%,,$227.72,0.00260666,"$54,017.63","-$2,888.81",276.80%,"$23,184.73",0.00286170,$250.00,"$34,632.77",,,,,,,,,,,
4-28-2025,173,"$95,066.02",127.34%,-27.34%,,$181.65,0.00191082,"$54,199.29","-$3,116.53",309.00%,"$23,243.63",0.00262975,$250.00,"$34,760.50",,,,,,,,,,,
5-5-2025,174,"$94,853.73",126.83%,-26.83%,,$182.92,0.00192848,"$54,382.21","-$3,298.18",307.05%,"$23,302.81",0.00263564,$250.00,"$34,887.52",,,,,,,,,,,
5-12-2025,175,"$102,920.07",146.12%,-179.50%,-2,-$948.76,-0.00921838,"$53,433.45","-$3,481.11",347.73%,"$22,987.07",0.00242907,$250.00,"$35,019.80",,,,,,,,,,,
5-19-2025,176,"$105,615.83",152.57%,-176.69%,-3,"-$1,191.72",-0.01128350,"$52,241.74","-$2,532.35",367.66%,"$22,584.02",0.00236707,$250.00,"$35,153.31",,,,,,,,,,,
5-26-2025,177,"$109,371.99",161.55%,-188.48%,-3,"-$1,221.21",-0.01116564,"$51,020.53","-$1,340.64",393.49%,"$22,163.07",0.00228578,$250.00,"$35,288.60",,,,,,,,,,,
6-2-2025,178,"$105,899.70",153.25%,-175.80%,-2,-$939.50,-0.00887163,"$50,081.03",-$119.43,384.91%,"$21,839.12",0.00236072,$250.00,"$35,421.29",,,,,,,,,,,
6-9-2025,179,"$110,198.16",163.52%,-187.49%,-2,-$968.73,-0.00879083,"$49,112.29",$820.08,412.57%,"$21,499.09",0.00226864,$250.00,"$35,556.07",,,,,,,,,,,
6-16-2025,180,"$107,243.93",156.46%,-176.99%,-2,-$942.47,-0.00878813,"$48,169.82","$1,788.81",406.63%,"$21,167.95",0.00233113,$250.00,"$35,688.61",,,,,,,,,,,
6-23-2025,181,"$105,496.95",152.28%,-52.28%,,$119.29,0.00113078,"$48,289.11","$2,731.28",397.40%,"$21,209.84",0.00236974,$250.00,"$35,819.56",,,,,,,,,,,
6-30-2025,182,"$107,153.10",156.24%,-56.24%,,$109.39,0.00102090,"$48,398.51","$2,611.99",404.29%,"$21,248.36",0.00233311,$250.00,"$35,951.06",,,,,,,,,,,
7-7-2025,183,"$108,249.40",158.86%,-58.86%,,$102.84,0.00095002,"$48,501.34","$2,502.60",408.58%,"$21,284.63",0.00230948,$250.00,"$36,082.75",,,,,,,,,,,
7-14-2025,184,"$119,871.10",186.66%,-233.72%,-3,"-$1,334.31",-0.01113118,"$47,167.04","$2,399.76",476.28%,"$20,800.68",0.00208557,$250.00,"$36,220.35",,,,,,,,,,,
7-21-2025,185,"$117,432.44",180.82%,-199.83%,-2,-$999.58,-0.00851193,"$46,167.46","$3,734.07",474.62%,"$20,436.58",0.00212888,$250.00,"$36,356.25",,,,,,,,,,,
7-28-2025,186,"$118,022.64",182.24%,-82.24%,,$44.41,0.00037628,"$46,211.87","$4,733.64",477.05%,"$20,452.84",0.00211824,$250.00,"$36,492.01",,,,,,,,,,,
8-4-2025,187,"$115,199.93",175.49%,-75.49%,,$61.29,0.00053199,"$46,273.16","$4,689.23",462.63%,"$20,475.14",0.00217014,$250.00,"$36,625.83",,,,,,,,,,,
8-11-2025,188,"$118,742.04",183.96%,-83.96%,,$40.11,0.00033778,"$46,313.26","$4,627.95",479.52%,"$20,489.82",0.00210540,$250.00,"$36,761.05",,,,,,,,,,,
8-18-2025,189,"$116,312.91",178.15%,-78.15%,,$54.63,0.00046969,"$46,367.90","$4,587.84",467.11%,"$20,509.73",0.00214937,$250.00,"$36,894.56",,,,,,,,,,,
8-25-2025,190,"$110,089.53",163.27%,-63.27%,,$91.84,0.00083421,"$46,459.73","$4,533.21",435.90%,"$20,542.77",0.00227088,$250.00,"$37,024.12",,,,,,,,,,,
9-1-2025,191,"$108,992.32",160.64%,-60.64%,,$98.40,0.00090279,"$46,558.13","$4,441.37",429.65%,"$20,578.07",0.00229374,$250.00,"$37,152.56",,,,,,,,,,,
9-8-2025,192,"$112,112.31",168.10%,-68.10%,,$79.74,0.00071129,"$46,637.88","$4,342.97",444.05%,"$20,606.83",0.00222991,$250.00,"$37,282.39",,,,,,,,,,,
9-15-2025,193,"$115,420.93",176.01%,-76.01%,,$59.96,0.00051953,"$46,697.84","$4,263.23",459.52%,"$20,628.59",0.00216598,$250.00,"$37,413.63",,,,,,,,,,,
9-22-2025,194,"$116,157.11",177.77%,-77.77%,,$55.56,0.00047834,"$46,753.40","$4,203.26",462.54%,"$20,648.78",0.00215226,$250.00,"$37,544.82",,,,,,,,,,,
9-29-2025,195,$0.00,-100.00%,6.377075148,4,"$2,594.27",#DIV/0!,49347.67082,4147.700385,#DIV/0!,#DIV/0!,#DIV/0!,$250.00,#DIV/0!,,,,,,,,,,,
10-6-2025,196,$0.00,-100.00%,4.387175606,4,"$2,096.79",#DIV/0!,51444.46472,1553.431598,#DIV/0!,#DIV/0!,#DIV/0!,$250.00,#DIV/0!,,,,,,,,,,,
10-13-2025,197,$0.00,-100.00%,2,0,$500.00,#DIV/0!,51944.46472,-543.3623034,#DIV/0!,#DIV/0!,#DIV/0!,$250.00,#DIV/0!,,,,,,,,,,,
10-20-2025,198,$0.00,-100.00%,2,0,$500.00,#DIV/0!,52444.46472,-1043.362303,#DIV/0!,#DIV/0!,#DIV/0!,$250.00,#DIV/0!,,,,,,,,,,,
10-27-2025,199,$0.00,-100.00%,2,0,$500.00,#DIV/0!,52944.46472,-1543.362303,#DIV/0!,#DIV/0!,#DIV/0!,$250.00,#DIV/0!,,,,,,,,,,,
11-3-2025,200,$0.00,-100.00%,2,0,$500.00,#DIV/0!,53444.46472,-2043.362303,#DIV/0!,#DIV/0!,#DIV/0!,$250.00,#DIV/0!,,,,,,,,,,,
11-10-2025,201,$0.00,-100.00%,2,0,$500.00,#DIV/0!,53944.46472,-2543.362303,#DIV/0!,#DIV/0!,#DIV/0!,$250.00,#DIV/0!,,,,,,,,,,,
11-17-2025,202,$0.00,-100.00%,2,0,$500.00,#DIV/0!,54444.46472,-3043.362303,#DIV/0!,#DIV/0!,#DIV/0!,$250.00,#DIV/0!,,,,,,,,,,,
11-24-2025,203,$0.00,-100.00%,2,0,$500.00,#DIV/0!,54944.46472,-3543.362303,#DIV/0!,#DIV/0!,#DIV/0!,$250.00,#DIV/0!,,,,,,,,,,,
12-1-2025,204,$0.00,-100.00%,2,0,$500.00,#DIV/0!,55444.46472,-4043.362303,#DIV/0!,#DIV/0!,#DIV/0!,$250.00,#DIV/0!,,,,,,,,,,,
12-8-2025,205,$0.00,-100.00%,2,0,$500.00,#DIV/0!,55944.46472,-4543.362303,#DIV/0!,#DIV/0!,#DIV/0!,$250.00,#DIV/0!,,,,,,,,,,,
12-15-2025,206,$0.00,-100.00%,2,0,$500.00,#DIV/0!,56444.46472,-5043.362303,#DIV/0!,#DIV/0!,#DIV/0!,$250.00,#DIV/0!,,,,,,,,,,,
12-22-2025,207,$0.00,-100.00%,2,0,$500.00,#DIV/0!,56944.46472,-5543.362303,#DIV/0!,#DIV/0!,#DIV/0!,$250.00,#DIV/0!,,,,,,,,,,,
12-29-2025,208,$0.00,-100.00%,2,0,$500.00,#DIV/0!,57444.46472,-6043.362303,#DIV/0!,#DIV/0!,#DIV/0!,$250.00,#DIV/0!,,,,,,,,,,,
,,,,,,,,,,,,,,,,,,,,,,,,,
,,Holding value,Profit %,Profit $,Total BTC unit,Total investment,AVG daily investment,Investment Capital balance,Average buying price,Balance BTC value now,Change from First day of Entry,,,,,,,,,,,,,,
Optimum DCA,,"$262,949.86",463.09%,"$216,252.02",2.26374315,"$46,697.84",$34.59,"$5,302.16","$20,628.59",0.04564646,177.77%,,,,,,,,,,,,,,
Simple DCA,,"$149,800.50",210.47%,"$101,550.50",1.28963696,"$48,250.00",$35.74,"$3,750.00","$37,413.63",0.03228386,,,,,,,,,,,,,,,
Buy & HODL,,"$144,442.92",177.77%,"$92,442.92",1.24351340,"$52,000.00",$38.52,$0.00,"$41,817.00",0.00000000,,,,,,,,,,,,,,,
,,,,,,,,,,,,,,,,,,,,,,,,,
,,,,,,,,,,,,,,,,,,,,,,,,,
,,,,,,,,,,,,,,,,,,,,,,,,,
,,,,,,,,,,,,,,,,,,,,,,,,,
,,,,,,,,,,,,,,,,,,,,,,,,,
,,,,,,,,,,,,,,,,,,,,,,,,,
,,,,,,,,,,,,,,,,,,,,,,,,,
,,,,,,,,,,,,,,,,,,,,,,,,,
,,,,,,,,,,,,,,,,,,,,,,,,,
,,,,,,,,,,,,,,,,,,,,,,,,,
,,,,,,,,,,,,,,,,,,,,,,,,,
,,,,,,,,,,,,,,,,,,,,,,,,,
,,,,,,,,,,,,,,,,,,,,,,,,,
,,,,,,,,,,,,,,,,,,,,,,,,,
,,,,,,,,,,,,,,,,,,,,,,,,,
,,,,,,,,,,,,,,,,,,,,,,,,,
,,,,,,,,,,,,,,,,,,,,,,,,,
,,,,,,,,,,,,,,,,,,,,,,,,,
,,,,,,,,,,,,,,,,,,,,,,,,,